<?xml version="1.0" encoding="UTF-8"?>
<metadata xml:lang="en"><Esri><CreaDate>20160502</CreaDate><CreaTime>10065000</CreaTime><ArcGISFormat>1.0</ArcGISFormat><SyncOnce>TRUE</SyncOnce><DataProperties><lineage><Process ToolSource="c:\program files (x86)\arcgis\desktop10.3\ArcToolbox\Toolboxes\Data Management Tools.tbx\CalculateField" Date="20160428" Time="095947">CalculateField SF_afford_hex_2000_2020_FINAL tot_sales [numSls00]+[numSls01]+[numSls02]+[numSls03]+[numSls04]+[numSls05]+[numSls06]+[numSls07]+[numSls08]+[numSls09]+[numSls10]+[numSls11]+[numSls12]+[numSls13]+[numSls14]+[numSls15] VB #</Process></lineage></DataProperties></Esri></metadata>
