GEO.id,GEO.id2,GEO.display-label,HD01_VD01,HD02_VD01,HD01_VD02,HD02_VD02,HD01_VD03,HD02_VD03,HD01_VD04,HD02_VD04,HD01_VD05,HD02_VD05,HD01_VD06,HD02_VD06,HD01_VD07,HD02_VD07,HD01_VD08,HD02_VD08,HD01_VD09,HD02_VD09,HD01_VD10,HD02_VD10,HD01_VD11,HD02_VD11,HD01_VD12,HD02_VD12,HD01_VD13,HD02_VD13,HD01_VD14,HD02_VD14,HD01_VD15,HD02_VD15,HD01_VD16,HD02_VD16,HD01_VD17,HD02_VD17,HD01_VD18,HD02_VD18,HD01_VD19,HD02_VD19,HD01_VD20,HD02_VD20,HD01_VD21,HD02_VD21
Id,Id2,Geography,Estimate; Total:,Margin of Error; Total:,Estimate; Not Hispanic or Latino:,Margin of Error; Not Hispanic or Latino:,Estimate; Not Hispanic or Latino: - White alone,Margin of Error; Not Hispanic or Latino: - White alone,Estimate; Not Hispanic or Latino: - Black or African American alone,Margin of Error; Not Hispanic or Latino: - Black or African American alone,Estimate; Not Hispanic or Latino: - American Indian and Alaska Native alone,Margin of Error; Not Hispanic or Latino: - American Indian and Alaska Native alone,Estimate; Not Hispanic or Latino: - Asian alone,Margin of Error; Not Hispanic or Latino: - Asian alone,Estimate; Not Hispanic or Latino: - Native Hawaiian and Other Pacific Islander alone,Margin of Error; Not Hispanic or Latino: - Native Hawaiian and Other Pacific Islander alone,Estimate; Not Hispanic or Latino: - Some other race alone,Margin of Error; Not Hispanic or Latino: - Some other race alone,Estimate; Not Hispanic or Latino: - Two or more races:,Margin of Error; Not Hispanic or Latino: - Two or more races:,Estimate; Not Hispanic or Latino: - Two or more races: - Two races including Some other race,Margin of Error; Not Hispanic or Latino: - Two or more races: - Two races including Some other race,"Estimate; Not Hispanic or Latino: - Two or more races: - Two races excluding Some other race, and three or more races","Margin of Error; Not Hispanic or Latino: - Two or more races: - Two races excluding Some other race, and three or more races",Estimate; Hispanic or Latino:,Margin of Error; Hispanic or Latino:,Estimate; Hispanic or Latino: - White alone,Margin of Error; Hispanic or Latino: - White alone,Estimate; Hispanic or Latino: - Black or African American alone,Margin of Error; Hispanic or Latino: - Black or African American alone,Estimate; Hispanic or Latino: - American Indian and Alaska Native alone,Margin of Error; Hispanic or Latino: - American Indian and Alaska Native alone,Estimate; Hispanic or Latino: - Asian alone,Margin of Error; Hispanic or Latino: - Asian alone,Estimate; Hispanic or Latino: - Native Hawaiian and Other Pacific Islander alone,Margin of Error; Hispanic or Latino: - Native Hawaiian and Other Pacific Islander alone,Estimate; Hispanic or Latino: - Some other race alone,Margin of Error; Hispanic or Latino: - Some other race alone,Estimate; Hispanic or Latino: - Two or more races:,Margin of Error; Hispanic or Latino: - Two or more races:,Estimate; Hispanic or Latino: - Two or more races: - Two races including Some other race,Margin of Error; Hispanic or Latino: - Two or more races: - Two races including Some other race,"Estimate; Hispanic or Latino: - Two or more races: - Two races excluding Some other race, and three or more races","Margin of Error; Hispanic or Latino: - Two or more races: - Two races excluding Some other race, and three or more races"
0500000US41005,41005,"Clackamas County, Oregon",377206,*****,348069,*****,318687,216,2679,350,1639,335,13366,476,801,174,194,113,10703,723,375,196,10328,695,29137,*****,20502,1320,443,408,846,346,268,134,36,59,4460,1078,2582,620,1234,394,1348,390
0500000US41051,41051,"Multnomah County, Oregon",737110,*****,657319,*****,532082,411,40843,929,4758,529,48384,815,4500,147,1227,360,25525,1410,467,169,25058,1376,79791,*****,46427,1956,1522,485,2675,865,598,242,57,77,23895,2031,4617,692,1946,404,2671,561
0500000US41067,41067,"Washington County, Oregon",531818,*****,448733,*****,371106,289,8883,569,2405,338,46446,900,2458,237,699,280,16736,1124,968,341,15768,1097,83085,*****,37909,2244,451,262,3794,1138,536,302,184,253,36646,2538,3565,675,1891,525,1674,453
