GEO.id,GEO.id2,GEO.display-label,HD01_VD01,HD02_VD01,HD01_VD02,HD02_VD02,HD01_VD03,HD02_VD03,HD01_VD04,HD02_VD04,HD01_VD05,HD02_VD05,HD01_VD06,HD02_VD06,HD01_VD07,HD02_VD07,HD01_VD08,HD02_VD08,HD01_VD09,HD02_VD09,HD01_VD10,HD02_VD10,HD01_VD11,HD02_VD11,HD01_VD12,HD02_VD12,HD01_VD13,HD02_VD13,HD01_VD14,HD02_VD14,HD01_VD15,HD02_VD15,HD01_VD16,HD02_VD16,HD01_VD17,HD02_VD17,HD01_VD18,HD02_VD18,HD01_VD19,HD02_VD19,HD01_VD20,HD02_VD20,HD01_VD21,HD02_VD21
Id,Id2,Geography,Estimate; Total:,Margin of Error; Total:,Estimate; Not Hispanic or Latino:,Margin of Error; Not Hispanic or Latino:,Estimate; Not Hispanic or Latino: - White alone,Margin of Error; Not Hispanic or Latino: - White alone,Estimate; Not Hispanic or Latino: - Black or African American alone,Margin of Error; Not Hispanic or Latino: - Black or African American alone,Estimate; Not Hispanic or Latino: - American Indian and Alaska Native alone,Margin of Error; Not Hispanic or Latino: - American Indian and Alaska Native alone,Estimate; Not Hispanic or Latino: - Asian alone,Margin of Error; Not Hispanic or Latino: - Asian alone,Estimate; Not Hispanic or Latino: - Native Hawaiian and Other Pacific Islander alone,Margin of Error; Not Hispanic or Latino: - Native Hawaiian and Other Pacific Islander alone,Estimate; Not Hispanic or Latino: - Some other race alone,Margin of Error; Not Hispanic or Latino: - Some other race alone,Estimate; Not Hispanic or Latino: - Two or more races:,Margin of Error; Not Hispanic or Latino: - Two or more races:,Estimate; Not Hispanic or Latino: - Two or more races: - Two races including Some other race,Margin of Error; Not Hispanic or Latino: - Two or more races: - Two races including Some other race,"Estimate; Not Hispanic or Latino: - Two or more races: - Two races excluding Some other race, and three or more races","Margin of Error; Not Hispanic or Latino: - Two or more races: - Two races excluding Some other race, and three or more races",Estimate; Hispanic or Latino:,Margin of Error; Hispanic or Latino:,Estimate; Hispanic or Latino: - White alone,Margin of Error; Hispanic or Latino: - White alone,Estimate; Hispanic or Latino: - Black or African American alone,Margin of Error; Hispanic or Latino: - Black or African American alone,Estimate; Hispanic or Latino: - American Indian and Alaska Native alone,Margin of Error; Hispanic or Latino: - American Indian and Alaska Native alone,Estimate; Hispanic or Latino: - Asian alone,Margin of Error; Hispanic or Latino: - Asian alone,Estimate; Hispanic or Latino: - Native Hawaiian and Other Pacific Islander alone,Margin of Error; Hispanic or Latino: - Native Hawaiian and Other Pacific Islander alone,Estimate; Hispanic or Latino: - Some other race alone,Margin of Error; Hispanic or Latino: - Some other race alone,Estimate; Hispanic or Latino: - Two or more races:,Margin of Error; Hispanic or Latino: - Two or more races:,Estimate; Hispanic or Latino: - Two or more races: - Two races including Some other race,Margin of Error; Hispanic or Latino: - Two or more races: - Two races including Some other race,"Estimate; Hispanic or Latino: - Two or more races: - Two races excluding Some other race, and three or more races","Margin of Error; Hispanic or Latino: - Two or more races: - Two races excluding Some other race, and three or more races"
0500000US41005,41005,"Clackamas County, Oregon",373832,*****,345629,*****,317192,235,2852,224,1277,263,12722,577,718,166,216,115,10652,683,416,230,10236,633,28203,*****,19929,1099,361,342,676,349,235,144,50,52,4347,910,2605,642,996,381,1609,501
0500000US41051,41051,"Multnomah County, Oregon",724803,*****,647515,*****,525214,423,39846,905,4790,563,47271,818,4192,215,1304,383,24898,1326,500,177,24398,1331,77288,*****,43029,2046,1329,358,3920,1037,443,212,14,20,24248,2006,4305,829,1785,476,2520,666
0500000US41067,41067,"Washington County, Oregon",524275,*****,443572,*****,369103,250,8612,516,2442,365,44944,790,2505,179,570,241,15396,861,787,361,14609,874,80703,*****,36099,2214,601,339,5776,1325,528,261,165,241,33906,2423,3628,676,1968,568,1660,540
