GEO.id,GEO.id2,GEO.display-label,HD01_VD01,HD02_VD01,HD01_VD02,HD02_VD02,HD01_VD03,HD02_VD03,HD01_VD04,HD02_VD04,HD01_VD05,HD02_VD05,HD01_VD06,HD02_VD06,HD01_VD07,HD02_VD07,HD01_VD08,HD02_VD08,HD01_VD09,HD02_VD09,HD01_VD10,HD02_VD10,HD01_VD11,HD02_VD11,HD01_VD12,HD02_VD12,HD01_VD13,HD02_VD13,HD01_VD14,HD02_VD14,HD01_VD15,HD02_VD15,HD01_VD16,HD02_VD16,HD01_VD17,HD02_VD17,HD01_VD18,HD02_VD18,HD01_VD19,HD02_VD19,HD01_VD20,HD02_VD20,HD01_VD21,HD02_VD21
Id,Id2,Geography,Estimate; Total:,Margin of Error; Total:,Estimate; Not Hispanic or Latino:,Margin of Error; Not Hispanic or Latino:,Estimate; Not Hispanic or Latino: - White alone,Margin of Error; Not Hispanic or Latino: - White alone,Estimate; Not Hispanic or Latino: - Black or African American alone,Margin of Error; Not Hispanic or Latino: - Black or African American alone,Estimate; Not Hispanic or Latino: - American Indian and Alaska Native alone,Margin of Error; Not Hispanic or Latino: - American Indian and Alaska Native alone,Estimate; Not Hispanic or Latino: - Asian alone,Margin of Error; Not Hispanic or Latino: - Asian alone,Estimate; Not Hispanic or Latino: - Native Hawaiian and Other Pacific Islander alone,Margin of Error; Not Hispanic or Latino: - Native Hawaiian and Other Pacific Islander alone,Estimate; Not Hispanic or Latino: - Some other race alone,Margin of Error; Not Hispanic or Latino: - Some other race alone,Estimate; Not Hispanic or Latino: - Two or more races:,Margin of Error; Not Hispanic or Latino: - Two or more races:,Estimate; Not Hispanic or Latino: - Two or more races: - Two races including Some other race,Margin of Error; Not Hispanic or Latino: - Two or more races: - Two races including Some other race,"Estimate; Not Hispanic or Latino: - Two or more races: - Two races excluding Some other race, and three or more races","Margin of Error; Not Hispanic or Latino: - Two or more races: - Two races excluding Some other race, and three or more races",Estimate; Hispanic or Latino:,Margin of Error; Hispanic or Latino:,Estimate; Hispanic or Latino: - White alone,Margin of Error; Hispanic or Latino: - White alone,Estimate; Hispanic or Latino: - Black or African American alone,Margin of Error; Hispanic or Latino: - Black or African American alone,Estimate; Hispanic or Latino: - American Indian and Alaska Native alone,Margin of Error; Hispanic or Latino: - American Indian and Alaska Native alone,Estimate; Hispanic or Latino: - Asian alone,Margin of Error; Hispanic or Latino: - Asian alone,Estimate; Hispanic or Latino: - Native Hawaiian and Other Pacific Islander alone,Margin of Error; Hispanic or Latino: - Native Hawaiian and Other Pacific Islander alone,Estimate; Hispanic or Latino: - Some other race alone,Margin of Error; Hispanic or Latino: - Some other race alone,Estimate; Hispanic or Latino: - Two or more races:,Margin of Error; Hispanic or Latino: - Two or more races:,Estimate; Hispanic or Latino: - Two or more races: - Two races including Some other race,Margin of Error; Hispanic or Latino: - Two or more races: - Two races including Some other race,"Estimate; Hispanic or Latino: - Two or more races: - Two races excluding Some other race, and three or more races","Margin of Error; Hispanic or Latino: - Two or more races: - Two races excluding Some other race, and three or more races"
0500000US41005,41005,"Clackamas County, Oregon",375858,*****,349063,*****,321188,225,3345,449,853,154,12501,470,454,177,195,103,10527,691,271,197,10256,681,26795,*****,18143,1041,219,250,1348,749,118,82,18,29,4526,913,2423,576,960,342,1463,467
0500000US41051,41051,"Multnomah County, Oregon",698599,*****,627029,*****,517394,224,38087,877,4245,421,41639,795,3139,199,1085,234,21440,1337,329,142,21111,1337,71570,*****,39711,2036,1254,350,5647,1479,301,142,24,24,19474,1711,5159,1053,1589,387,3570,1002
0500000US41067,41067,"Washington County, Oregon",518002,*****,442881,*****,374911,251,7390,497,2324,358,41635,810,1796,193,687,248,14138,1092,387,178,13751,1066,75121,*****,34367,2067,714,612,6008,1400,460,254,12,19,29223,2506,4337,922,2317,550,2020,662
