<?xml version="1.0" encoding="UTF-8"?>
<metadata xml:lang="en"><Esri><CreaDate>20160420</CreaDate><CreaTime>11453000</CreaTime><ArcGISFormat>1.0</ArcGISFormat><SyncOnce>TRUE</SyncOnce><DataProperties><lineage><Process ToolSource="c:\program files (x86)\arcgis\desktop10.3\ArcToolbox\Toolboxes\Data Management Tools.tbx\CalculateField" Date="20160417" Time="225341">CalculateField Spjn_hex_to_hex_1990_to_2000_to_2010_reorder intersct_UGB 1 VB #</Process><Process ToolSource="c:\program files (x86)\arcgis\desktop10.3\ArcToolbox\Toolboxes\Data Management Tools.tbx\CalculateField" Date="20160420" Time="112553">CalculateField Final_hexes_census_1990_2020 OWN_2017 0 VB #</Process><Process ToolSource="c:\program files (x86)\arcgis\desktop10.3\ArcToolbox\Toolboxes\Data Management Tools.tbx\CalculateField" Date="20160420" Time="112608">CalculateField Final_hexes_census_1990_2020 OWN_2018 0 VB #</Process><Process ToolSource="c:\program files (x86)\arcgis\desktop10.3\ArcToolbox\Toolboxes\Data Management Tools.tbx\CalculateField" Date="20160420" Time="112618">CalculateField Final_hexes_census_1990_2020 OWN_2019 0 VB #</Process><Process ToolSource="c:\program files (x86)\arcgis\desktop10.3\ArcToolbox\Toolboxes\Data Management Tools.tbx\CalculateField" Date="20160420" Time="112630">CalculateField Final_hexes_census_1990_2020 OWN_2020 0 VB #</Process><Process ToolSource="c:\program files (x86)\arcgis\desktop10.3\ArcToolbox\Toolboxes\Data Management Tools.tbx\CalculateField" Date="20160420" Time="112652">CalculateField Final_hexes_census_1990_2020 OWN_2020 1 VB #</Process><Process ToolSource="c:\program files (x86)\arcgis\desktop10.3\ArcToolbox\Toolboxes\Data Management Tools.tbx\CalculateField" Date="20160420" Time="112703">CalculateField Final_hexes_census_1990_2020 OWN_2019 1 VB #</Process></lineage><itemProps><itemLocation><linkage Sync="TRUE">file://\\GIS-WORKSTATION\E$\Active Projects\22505_PHC_Housing_Affordability_Tool\data\geodatabase\PHC.gdb</linkage><protocol Sync="TRUE">Local Area Network</protocol></itemLocation></itemProps></DataProperties></Esri></metadata>
